basename,sample,fish_id,batch_killed,Sex,RINe,Genotype,Genotype_2
7_KB_B12,EOfAD-like/+_F_27,27,6,F,9.3,EOfAD-like/+,T428del/+
22_KB_C6,EOfAD-like/+_F_30,30,7,F,9.6,EOfAD-like/+,T428del/+
16_KB_C12,EOfAD-like/+_F_40,40,8,F,9.4,EOfAD-like/+,T428del/+
8_KB_B3,EOfAD-like/+_F_46,46,9,F,9.2,EOfAD-like/+,T428del/+
19_KB_C3,EOfAD-like/+_M_29,29,6,M,9.5,EOfAD-like/+,T428del/+
10_KB_B6,EOfAD-like/+_M_50,50,9,M,9.3,EOfAD-like/+,T428del/+
4_KB_A6,EOfAD-like/+_M_9,9,3,M,9,EOfAD-like/+,T428del/+
2_KB_A11,fAI-like/+_F_12,12,4,F,8.7,fAI-like/+,W233fs/+
12_KB_B8,fAI-like/+_F_22,22,5,F,9.3,fAI-like/+,W233fs/+
15_KB_C11,fAI-like/+_F_45,45,9,F,9.4,fAI-like/+,W233fs/+
18_KB_C2,fAI-like/+_F_47,47,9,F,9.2,fAI-like/+,W233fs/+
9_KB_B5,fAI-like/+_M_21,21,4,M,9.4,fAI-like/+,W233fs/+
6_KB_B11,fAI-like/+_M_26,26,6,M,9.4,fAI-like/+,W233fs/+
24_KB_C8,fAI-like/+_M_44,44,9,M,9.8,fAI-like/+,W233fs/+
21_KB_C5,fAI-like/+_M_49,49,9,M,9.5,fAI-like/+,W233fs/+
5_KB_A7,WT_F_19,19,4,F,9.1,WT,WT
1_KB_A10,WT_F_25,25,5,F,9.4,WT,WT
23_KB_C7,WT_F_36,36,7,F,9.7,WT,WT
3_KB_A1,WT_F_4,4,1,F,9.4,WT,WT
17_KB_C1,WT_M_34,34,7,M,9,WT,WT
20_KB_C4,WT_M_35,35,7,M,9.3,WT,WT
14_KB_C10,WT_M_37,37,8,M,9.3,WT,WT
13_KB_B9,WT_M_54,54,10,M,9.3,WT,WT
11_KB_B7,WT_M_55,55,10,M,9.1,WT,WT
